tc.device.uplink.raw	12	604800000
tc.device.uplink.normalized	12	604800000
tc.device.uplink.processed	12	604800000
tc.device.topo	12	604800000
tc.device.batch	12	604800000
tc.device.topo.reply	12	604800000
tc.device.config	12	604800000
tc.device.config.reply	12	604800000
tc.device.modbus.request	12	604800000
tc.device.modbus.response	12	604800000
tc.device.downlink	12	604800000
tc.device.command.terminal	12	604800000
tc.device.realtime	12	86400000
tc.device.lifecycle	6	2592000000
tc.domain.event	6	2592000000
tc.notification	6	604800000
tc.retry	6	604800000
tc.rule.retry.1m	6	604800000
tc.rule.retry.5m	6	604800000
tc.rule.notification	6	604800000
tc.rule.dlq	3	2592000000
tc.dlq	3	2592000000
tc.rule.automation.property.accepted	6	604800000
tc.integration.webhook.source	6	604800000
